<!--
* Copyright (C) 2012, Freescale Semiconductor, Inc. All Rights Reserved.
* The CFG element contains a list of recognized usb devices.
*  DEV elements provide a name, class, vid and pid for each device.
*
* Each LIST element contains a list of update instructions.
*  "Install" - Erase media and install firmware.
*  "Update" - Update firmware only.
*
* Each CMD element contains one update instruction of attribute type.
*  "pull" - Does UtpRead(body, file) transaction.
*  "push" - Does UtpWrite(body, file) transaction.
*  "drop" - Does UtpCommand(body) then waits for device to disconnect.
*  "boot" - Finds configured device, forces it to "body" device and downloads "file".
*  "find" - Waits for "timeout" seconds for the "body" device to connect.
*  "show" - Parse and show device info in "file".  
-->


<UCL>
  <CFG>
	<STATE name="BootStrap" dev="MX6D" vid="15A2" pid="0061"/>
	<STATE name="Updater"   dev="MSC" vid="066F" pid="37FF"/> 
  </CFG>
<!--
  The following Lists are for i.MX6Solo/DualLite chips
-->

  <LIST name="canrun-nand" desc="Choose NAND as media">
	<CMD state="BootStrap" type="boot" body="BootStrap" file ="firmware/u-boot-dtb.imx">Loading U-boot</CMD>
	
	<CMD state="BootStrap" type="load" file="firmware/zImage" address="0x12000000"
		loadSection="OTH" setSection="OTH" HasFlashHeader="FALSE">Loading Kernel.</CMD>

	<CMD state="BootStrap" type="load" file="firmware/mfgtools.cpio.gz.u-boot" address="0x12C00000"
		loadSection="OTH" setSection="OTH" HasFlashHeader="FALSE">Loading Initramfs.</CMD>

	<CMD state="BootStrap" type="load" file="firmware/imx6dl-sabresd.dtb" address="0x18000000"
		loadSection="OTH" setSection="OTH" HasFlashHeader="FALSE">Loading device tree.</CMD>

	<CMD state="BootStrap" type="jump" > Jumping to OS image. </CMD>

	<!--burn the uboot to NAND: -->
	<CMD state="Updater" type="push" body="$ ls -l /dev/mtd*">List MTD partition</CMD>
	<CMD state="Updater" type="push" body="$ cat /proc/mtd ">Cat MTD partition</CMD>
	<CMD state="Updater" type="push" body="$ mount -t debugfs debugfs /sys/kernel/debug">Mounting debugfs</CMD>

	<CMD state="Updater" type="push" body="$ flash_erase /dev/mtd0 0 0">Erasing Boot partition</CMD>
	<CMD state="Updater" type="push" body="send" file="files/u-boot-imx6dl.imx">Sending U-Boot</CMD>
	<CMD state="Updater" type="push" body="$ kobs-ng init -x -v --chip_0_device_path=/dev/mtd0 $FILE">Flashing Bootloader</CMD>
	<CMD state="Updater" type="push" body="frf">Finishing U-Boot write</CMD>

	<CMD state="Updater" type="push" body="$ flash_erase /dev/mtd1 0 0">Erasing Kernel partition</CMD>
	<CMD state="Updater" type="push" body="frf">Finishing Kernel partition Erasing</CMD>
	<CMD state="Updater" type="push" body="send" file="files/boot-imx6dl.img">Sending and writting boot.img</CMD>
	<CMD state="Updater" type="push" body="$ nandwrite -p /dev/mtd1 $FILE">Flashing Kernel</CMD>
	<CMD state="Updater" type="push" body="frf">Finishing Kernel write</CMD>

	<CMD state="Updater" type="push" body="$ flash_erase /dev/mtd2 0 0">Erasing Recovery partition</CMD>
	<CMD state="Updater" type="push" body="frf">Finishing Recovery partition Erasing</CMD>
	<CMD state="Updater" type="push" body="send" file="files/recovery-imx6dl.img">Sending recovery Image</CMD>
	<CMD state="Updater" type="push" body="$ nandwrite -p /dev/mtd2 $FILE">Flashing recovery</CMD>
	<CMD state="Updater" type="push" body="frf">Finishing recovery write</CMD>

	<CMD state="Updater" type="push" body="pipe ubiformat -y /dev/mtd4 -f - -S @FILESIZE" file="files/android_root.img"> Programming Android Root partition </CMD>
	<CMD state="Updater" type="push" body="frf">Finishing Android Root partition write</CMD>
	<CMD state="Updater" type="push" body="$ ubiattach /dev/ubi_ctrl -m 4">Attaching UBI partition</CMD>

	<CMD state="Updater" type="push" body="$ echo Update Cosmplete!">Done</CMD>
  </LIST>
</UCL>
